grupa,klucz,kryterium,decyzja,powod,rola,id,nazwa,domena,nazwa_znormalizowana,utworzono,kontakty,deale,url
1,accenture.com,domena,scal,,MASTER,8980379616,Accenture Poland,accenture.com,accenture poland,2023-11-09,0,0,https://app.hubspot.com/contacts/26782316/record/0-2/8980379616
1,accenture.com,domena,scal,,scal-do-mastera,19260593911,Accenture,accenture.com,accenture,2024-10-11,0,0,https://app.hubspot.com/contacts/26782316/record/0-2/19260593911
2,andersenlab.com,domena,scal,,MASTER,7058048191,Andersen,andersenlab.com,andersen,2023-02-20,0,0,https://app.hubspot.com/contacts/26782316/record/0-2/7058048191
2,andersenlab.com,domena,scal,,scal-do-mastera,9333900261,Andersen People,andersenlab.com,andersen people,2023-12-21,0,0,https://app.hubspot.com/contacts/26782316/record/0-2/9333900261
3,apollo.io,domena,weryfikuj,"ta sama domena, ale istotnie różne nazwy — mogą to być odrębne podmioty",MASTER,8671786960,Apollo.io,apollo.io,apollo io,2023-10-06,8,0,https://app.hubspot.com/contacts/26782316/record/0-2/8671786960
3,apollo.io,domena,weryfikuj,"ta sama domena, ale istotnie różne nazwy — mogą to być odrębne podmioty",scal-do-mastera,11581716957,ZenLeads Inc. (dba Apollo.io),apollo.io,zenleads inc dba apollo io,2024-05-06,1,0,https://app.hubspot.com/contacts/26782316/record/0-2/11581716957
4,asseco.com,domena,weryfikuj,"ta sama domena, ale istotnie różne nazwy — mogą to być odrębne podmioty",MASTER,9251074028,Radical Sales Team,asseco.com,radical sales team,2023-12-09,1,0,https://app.hubspot.com/contacts/26782316/record/0-2/9251074028
4,asseco.com,domena,weryfikuj,"ta sama domena, ale istotnie różne nazwy — mogą to być odrębne podmioty",scal-do-mastera,9251127516,ASEE,asseco.com,asee,2023-12-09,0,0,https://app.hubspot.com/contacts/26782316/record/0-2/9251127516
4,asseco.com,domena,weryfikuj,"ta sama domena, ale istotnie różne nazwy — mogą to być odrębne podmioty",scal-do-mastera,421585974468,Asseco Poland,asseco.com,asseco poland,2026-03-16,0,0,https://app.hubspot.com/contacts/26782316/record/0-2/421585974468
5,auroria.pl,domena,scal,,MASTER,434988372173,Auroria Sp. z o.o.,auroria.pl,auroria,2026-06-25,5,0,https://app.hubspot.com/contacts/26782316/record/0-2/434988372173
5,auroria.pl,domena,scal,,scal-do-mastera,422127189231,Auroria,auroria.pl,auroria,2026-03-20,0,0,https://app.hubspot.com/contacts/26782316/record/0-2/422127189231
6,autenti.com,domena,scal,,MASTER,8917786562,Autenti,autenti.com,autenti,2023-11-02,1,0,https://app.hubspot.com/contacts/26782316/record/0-2/8917786562
6,autenti.com,domena,scal,,scal-do-mastera,429380177094,Autenti,autenti.com,autenti,2026-05-06,1,0,https://app.hubspot.com/contacts/26782316/record/0-2/429380177094
7,auto-land.pl,domena,scal,,MASTER,15061522124,Auto Land Polska,auto-land.pl,auto land polska,2024-09-15,1,0,https://app.hubspot.com/contacts/26782316/record/0-2/15061522124
7,auto-land.pl,domena,scal,,scal-do-mastera,14955867367,Auto Land Polska,auto-land.pl,auto land polska,2024-09-15,0,0,https://app.hubspot.com/contacts/26782316/record/0-2/14955867367
8,billennium.com,domena,scal,,MASTER,429381997766,Billennium,billennium.com,billennium,2026-05-06,5,0,https://app.hubspot.com/contacts/26782316/record/0-2/429381997766
8,billennium.com,domena,scal,,scal-do-mastera,9251151314,Billennium,billennium.com,billennium,2023-12-09,1,0,https://app.hubspot.com/contacts/26782316/record/0-2/9251151314
9,boccardkates.pl,domena,weryfikuj,"ta sama domena, ale istotnie różne nazwy — mogą to być odrębne podmioty",MASTER,8923847416,BOCCARD KATES Sp. z o. o.,boccardkates.pl,boccard kates,2023-11-02,2,0,https://app.hubspot.com/contacts/26782316/record/0-2/8923847416
9,boccardkates.pl,domena,weryfikuj,"ta sama domena, ale istotnie różne nazwy — mogą to być odrębne podmioty",scal-do-mastera,8924365287,Boccardkates,boccardkates.pl,boccardkates,2023-11-02,2,0,https://app.hubspot.com/contacts/26782316/record/0-2/8924365287
10,captivadevelopment.com,domena,scal,,MASTER,6976347624,Captiva Development,captivadevelopment.com,captiva development,2023-02-05,1,0,https://app.hubspot.com/contacts/26782316/record/0-2/6976347624
10,captivadevelopment.com,domena,scal,,scal-do-mastera,7145790958,Captiva Development,captivadevelopment.com,captiva development,2023-03-07,0,0,https://app.hubspot.com/contacts/26782316/record/0-2/7145790958
11,cbre.pl,domena,scal,,MASTER,9288217553,CBRE Poland,cbre.pl,cbre poland,2023-12-14,1,0,https://app.hubspot.com/contacts/26782316/record/0-2/9288217553
11,cbre.pl,domena,scal,,scal-do-mastera,405632657638,CBRE Poland,cbre.pl,cbre poland,2026-02-23,0,0,https://app.hubspot.com/contacts/26782316/record/0-2/405632657638
12,codespot.io,domena,scal,,MASTER,6945114317,Codespot,codespot.io,codespot,2023-01-31,1,0,https://app.hubspot.com/contacts/26782316/record/0-2/6945114317
12,codespot.io,domena,scal,,scal-do-mastera,6976447197,Codespot Picasso One,codespot.io,codespot picasso one,2023-02-05,0,0,https://app.hubspot.com/contacts/26782316/record/0-2/6976447197
13,curated.com,domena,scal,,MASTER,6975778017,CURATED,curated.com,curated,2023-02-05,1,0,https://app.hubspot.com/contacts/26782316/record/0-2/6975778017
13,curated.com,domena,scal,,scal-do-mastera,6976423660,Curated,curated.com,curated,2023-02-05,0,0,https://app.hubspot.com/contacts/26782316/record/0-2/6976423660
14,decorsystem.com.pl,domena,scal,,MASTER,434805908675,"Decor System Grzegorz Okraska, Piotr Kruk Spółka Komandytowa",decorsystem.com.pl,decor system grzegorz okraska piotr kruk,2026-06-25,2,0,https://app.hubspot.com/contacts/26782316/record/0-2/434805908675
14,decorsystem.com.pl,domena,scal,,scal-do-mastera,431510877380,"DECOR SYSTEM Grzegorz Okraska, Piotr Kruk Spółka Komandytowa",decorsystem.com.pl,decor system grzegorz okraska piotr kruk,2026-05-27,0,0,https://app.hubspot.com/contacts/26782316/record/0-2/431510877380
15,diceus.com,domena,scal,,MASTER,429381997770,DICEUS,diceus.com,diceus,2026-05-06,2,0,https://app.hubspot.com/contacts/26782316/record/0-2/429381997770
15,diceus.com,domena,scal,,scal-do-mastera,8968162034,DICEUS,diceus.com,diceus,2023-11-08,0,0,https://app.hubspot.com/contacts/26782316/record/0-2/8968162034
16,edrone.me,domena,scal,,MASTER,6964041405,edrone,edrone.me,edrone,2023-02-02,2,0,https://app.hubspot.com/contacts/26782316/record/0-2/6964041405
16,edrone.me,domena,scal,,scal-do-mastera,429329695973,edrone,edrone.me,edrone,2026-05-06,2,0,https://app.hubspot.com/contacts/26782316/record/0-2/429329695973
17,elev8now.co.uk,domena,scal,,MASTER,13974810861,Elev8,elev8now.co.uk,elev8,2024-09-08,1,0,https://app.hubspot.com/contacts/26782316/record/0-2/13974810861
17,elev8now.co.uk,domena,scal,,scal-do-mastera,13841889233,Elev8,elev8now.co.uk,elev8,2024-09-08,1,0,https://app.hubspot.com/contacts/26782316/record/0-2/13841889233
18,everfield.software,domena,scal,"w grupie są rekordy z dealami — sprawdź, który ma zostać masterem",MASTER,7049597885,everfield,everfield.software,everfield,2023-02-17,5,1,https://app.hubspot.com/contacts/26782316/record/0-2/7049597885
18,everfield.software,domena,scal,"w grupie są rekordy z dealami — sprawdź, który ma zostać masterem",scal-do-mastera,7434364139,Everfield,everfield.software,everfield,2023-04-24,1,1,https://app.hubspot.com/contacts/26782316/record/0-2/7434364139
19,fluentbe.com,domena,scal,,MASTER,8917723328,Fluentbe,fluentbe.com,fluentbe,2023-11-02,3,0,https://app.hubspot.com/contacts/26782316/record/0-2/8917723328
19,fluentbe.com,domena,scal,,scal-do-mastera,429381771463,Fluentbe,fluentbe.com,fluentbe,2026-05-06,0,0,https://app.hubspot.com/contacts/26782316/record/0-2/429381771463
20,focustelecom.pl,domena,scal,,MASTER,15061522125,Focus Telecom Polska Sp. z o.o.,focustelecom.pl,focus telecom polska,2024-09-15,1,0,https://app.hubspot.com/contacts/26782316/record/0-2/15061522125
20,focustelecom.pl,domena,scal,,scal-do-mastera,14955867372,Focus Telecom Polska Sp. z o.o.,focustelecom.pl,focus telecom polska,2024-09-15,0,0,https://app.hubspot.com/contacts/26782316/record/0-2/14955867372
21,future-processing.com,domena,scal,,MASTER,429380177095,Future Processing,future-processing.com,future processing,2026-05-06,6,0,https://app.hubspot.com/contacts/26782316/record/0-2/429380177095
21,future-processing.com,domena,scal,,scal-do-mastera,8980803523,Future Processing,future-processing.com,future processing,2023-11-09,4,0,https://app.hubspot.com/contacts/26782316/record/0-2/8980803523
22,globema.com,domena,scal,,MASTER,8917507788,Globema,globema.com,globema,2023-11-02,1,0,https://app.hubspot.com/contacts/26782316/record/0-2/8917507788
22,globema.com,domena,scal,,scal-do-mastera,8917594316,Globema,globema.com,globema,2023-11-02,1,0,https://app.hubspot.com/contacts/26782316/record/0-2/8917594316
23,graalgroup.com.pl,domena,scal,,MASTER,15061522126,Graal Group,graalgroup.com.pl,graal group,2024-09-15,1,0,https://app.hubspot.com/contacts/26782316/record/0-2/15061522126
23,graalgroup.com.pl,domena,scal,,scal-do-mastera,14955867364,Graal Group,graalgroup.com.pl,graal group,2024-09-15,0,0,https://app.hubspot.com/contacts/26782316/record/0-2/14955867364
24,grupaazoty.com,domena,weryfikuj,"ta sama domena, ale istotnie różne nazwy — mogą to być odrębne podmioty",MASTER,8671526884,Grupa Azoty S.A.,grupaazoty.com,grupa azoty s a,2023-10-06,2,0,https://app.hubspot.com/contacts/26782316/record/0-2/8671526884
24,grupaazoty.com,domena,weryfikuj,"ta sama domena, ale istotnie różne nazwy — mogą to być odrębne podmioty",scal-do-mastera,9392522481,Grupa Azoty Polyolefins S.A.,grupaazoty.com,grupa azoty polyolefins s a,2023-12-29,1,0,https://app.hubspot.com/contacts/26782316/record/0-2/9392522481
25,heidelberg.com,domena,weryfikuj,"ta sama domena, ale istotnie różne nazwy — mogą to być odrębne podmioty",MASTER,8917594047,Heidelberg Polska,heidelberg.com,heidelberg polska,2023-11-02,1,0,https://app.hubspot.com/contacts/26782316/record/0-2/8917594047
25,heidelberg.com,domena,weryfikuj,"ta sama domena, ale istotnie różne nazwy — mogą to być odrębne podmioty",scal-do-mastera,8917669625,Heidelberger Druckmaschinen AG,heidelberg.com,heidelberger druckmaschinen,2023-11-02,1,0,https://app.hubspot.com/contacts/26782316/record/0-2/8917669625
26,heinekenkrakow.pl,domena,scal,,MASTER,8980922101,HEINEKEN Global Shared Services,heinekenkrakow.pl,heineken global shared services,2023-11-09,0,0,https://app.hubspot.com/contacts/26782316/record/0-2/8980922101
26,heinekenkrakow.pl,domena,scal,,scal-do-mastera,115339668668,HEINEKEN Global Shared Services,heinekenkrakow.pl,heineken global shared services,2025-03-16,0,0,https://app.hubspot.com/contacts/26782316/record/0-2/115339668668
27,infermedica.com,domena,scal,,MASTER,429381771465,Infermedica,infermedica.com,infermedica,2026-05-06,1,0,https://app.hubspot.com/contacts/26782316/record/0-2/429381771465
27,infermedica.com,domena,scal,,scal-do-mastera,243596728521,Infermedica,infermedica.com,infermedica,2025-09-24,0,0,https://app.hubspot.com/contacts/26782316/record/0-2/243596728521
28,ingrammicro24.com,domena,scal,,MASTER,8917593837,Ingram Micro Sp. z o.o. (Polska),ingrammicro24.com,ingram micro sp z o o polska,2023-11-02,1,0,https://app.hubspot.com/contacts/26782316/record/0-2/8917593837
28,ingrammicro24.com,domena,scal,,scal-do-mastera,8917420237,Ingram Micro Sp. z o.o. (Polska),ingrammicro24.com,ingram micro sp z o o polska,2023-11-02,1,0,https://app.hubspot.com/contacts/26782316/record/0-2/8917420237
29,interhandler.pl,domena,weryfikuj,"ta sama domena, ale istotnie różne nazwy — mogą to być odrębne podmioty",MASTER,8924520164,JCB Interhandler,interhandler.pl,jcb interhandler,2023-11-02,7,0,https://app.hubspot.com/contacts/26782316/record/0-2/8924520164
29,interhandler.pl,domena,weryfikuj,"ta sama domena, ale istotnie różne nazwy — mogą to być odrębne podmioty",scal-do-mastera,8924387305,Interhandler,interhandler.pl,interhandler,2023-11-02,1,0,https://app.hubspot.com/contacts/26782316/record/0-2/8924387305
30,jit.team,domena,weryfikuj,"ta sama domena, ale istotnie różne nazwy — mogą to być odrębne podmioty",MASTER,9251082722,Jit Team,jit.team,jit team,2023-12-09,0,0,https://app.hubspot.com/contacts/26782316/record/0-2/9251082722
30,jit.team,domena,weryfikuj,"ta sama domena, ale istotnie różne nazwy — mogą to być odrębne podmioty",scal-do-mastera,9334433999,JIT Solutions sp. z o.o.,jit.team,jit solutions,2023-12-21,0,0,https://app.hubspot.com/contacts/26782316/record/0-2/9334433999
31,kghm.com,domena,scal,,MASTER,8924521176,KGHM Polska Miedź S.A.,kghm.com,kghm polska miedz s a,2023-11-02,1,0,https://app.hubspot.com/contacts/26782316/record/0-2/8924521176
31,kghm.com,domena,scal,,scal-do-mastera,421968143605,KGHM Polska Miedź S.A.,kghm.com,kghm polska miedz s a,2026-03-18,0,0,https://app.hubspot.com/contacts/26782316/record/0-2/421968143605
32,kinguin.net,domena,scal,,MASTER,8917543877,Kinguin,kinguin.net,kinguin,2023-11-02,2,0,https://app.hubspot.com/contacts/26782316/record/0-2/8917543877
32,kinguin.net,domena,scal,,scal-do-mastera,429381811440,Kinguin,kinguin.net,kinguin,2026-05-06,1,0,https://app.hubspot.com/contacts/26782316/record/0-2/429381811440
33,koszalin.pl,domena,weryfikuj,"ta sama domena, ale istotnie różne nazwy — mogą to być odrębne podmioty",MASTER,8924522210,MPS International Sp. z o.o.,koszalin.pl,mps international,2023-11-02,1,0,https://app.hubspot.com/contacts/26782316/record/0-2/8924522210
33,koszalin.pl,domena,weryfikuj,"ta sama domena, ale istotnie różne nazwy — mogą to być odrębne podmioty",scal-do-mastera,8923817689,AZS Koszalin,koszalin.pl,azs koszalin,2023-11-02,1,0,https://app.hubspot.com/contacts/26782316/record/0-2/8923817689
33,koszalin.pl,domena,weryfikuj,"ta sama domena, ale istotnie różne nazwy — mogą to być odrębne podmioty",scal-do-mastera,425455532236,ZETO Koszalin Sp. z o.o.,koszalin.pl,zeto koszalin,2026-04-08,0,0,https://app.hubspot.com/contacts/26782316/record/0-2/425455532236
34,kotrak.com,domena,scal,,MASTER,8924364792,Kotrak,kotrak.com,kotrak,2023-11-02,3,0,https://app.hubspot.com/contacts/26782316/record/0-2/8924364792
34,kotrak.com,domena,scal,,scal-do-mastera,363250628815,Kotrak S.A.,kotrak.com,kotrak s a,2026-01-14,0,0,https://app.hubspot.com/contacts/26782316/record/0-2/363250628815
35,krd.pl,domena,weryfikuj,"ta sama domena, ale istotnie różne nazwy — mogą to być odrębne podmioty",MASTER,8923777728,Krajowy Rejestr Długów Biuro Informacji Gospodarczej SA,krd.pl,krajowy rejestr dlugow biuro informacji gospodarczej,2023-11-02,1,0,https://app.hubspot.com/contacts/26782316/record/0-2/8923777728
35,krd.pl,domena,weryfikuj,"ta sama domena, ale istotnie różne nazwy — mogą to być odrębne podmioty",scal-do-mastera,9335480260,IT Krajowy Rejestr Długów,krd.pl,it krajowy rejestr dlugow,2023-12-21,0,0,https://app.hubspot.com/contacts/26782316/record/0-2/9335480260
36,lightpointglobal.com,domena,scal,,MASTER,8917289423,Lightpoint Global,lightpointglobal.com,lightpoint global,2023-11-02,1,0,https://app.hubspot.com/contacts/26782316/record/0-2/8917289423
36,lightpointglobal.com,domena,scal,,scal-do-mastera,429380256999,Lightpoint Global,lightpointglobal.com,lightpoint global,2026-05-06,0,0,https://app.hubspot.com/contacts/26782316/record/0-2/429380256999
37,linkdevelopment.com,domena,weryfikuj,"ta sama domena, ale istotnie różne nazwy — mogą to być odrębne podmioty",MASTER,9335459308,Linkdev,linkdevelopment.com,linkdev,2023-12-21,0,0,https://app.hubspot.com/contacts/26782316/record/0-2/9335459308
37,linkdevelopment.com,domena,weryfikuj,"ta sama domena, ale istotnie różne nazwy — mogą to być odrębne podmioty",scal-do-mastera,12895946996,Link Development,linkdevelopment.com,link development,2024-07-19,0,0,https://app.hubspot.com/contacts/26782316/record/0-2/12895946996
38,linkedin.com,domena,scal,,MASTER,366052829381,RTC Group,linkedin.com,rtc group,2023-11-08,1,0,https://app.hubspot.com/contacts/26782316/record/0-2/366052829381
38,linkedin.com,domena,scal,,scal-do-mastera,364451846338,RTC Group,linkedin.com,rtc group,2026-01-15,1,0,https://app.hubspot.com/contacts/26782316/record/0-2/364451846338
39,movecloser.co,domena,scal,"w grupie są rekordy z dealami — sprawdź, który ma zostać masterem",MASTER,401108980979,Move Closer,movecloser.co,move closer,2026-02-18,1,1,https://app.hubspot.com/contacts/26782316/record/0-2/401108980979
39,movecloser.co,domena,scal,"w grupie są rekordy z dealami — sprawdź, który ma zostać masterem",scal-do-mastera,9335474677,Move Closer,movecloser.co,move closer,2023-12-21,1,0,https://app.hubspot.com/contacts/26782316/record/0-2/9335474677
40,omikroncapital.pl,domena,scal,,MASTER,6945067991,Omikron Capital,omikroncapital.pl,omikron capital,2023-01-31,1,0,https://app.hubspot.com/contacts/26782316/record/0-2/6945067991
40,omikroncapital.pl,domena,scal,,scal-do-mastera,6976432092,Omikron Capital,omikroncapital.pl,omikron capital,2023-02-05,1,0,https://app.hubspot.com/contacts/26782316/record/0-2/6976432092
41,otb.vc,domena,scal,,MASTER,6944668118,OTB Ventures,otb.vc,otb ventures,2023-01-31,1,0,https://app.hubspot.com/contacts/26782316/record/0-2/6944668118
41,otb.vc,domena,scal,,scal-do-mastera,6976423659,OTB Ventures,otb.vc,otb ventures,2023-02-05,0,0,https://app.hubspot.com/contacts/26782316/record/0-2/6976423659
42,pentonpartners.com,domena,scal,,MASTER,6943926487,Penton Partners,pentonpartners.com,penton partners,2023-01-31,3,0,https://app.hubspot.com/contacts/26782316/record/0-2/6943926487
42,pentonpartners.com,domena,scal,,scal-do-mastera,6976423661,Penton Partners,pentonpartners.com,penton partners,2023-02-05,1,0,https://app.hubspot.com/contacts/26782316/record/0-2/6976423661
43,pgeenergiaciepla.pl,domena,scal,,MASTER,15061522127,PGE Energia Ciepła S.A.,pgeenergiaciepla.pl,pge energia ciepla s a,2024-09-15,1,0,https://app.hubspot.com/contacts/26782316/record/0-2/15061522127
43,pgeenergiaciepla.pl,domena,scal,,scal-do-mastera,14955867363,PGE Energia Ciepła S.A.,pgeenergiaciepla.pl,pge energia ciepla s a,2024-09-15,0,0,https://app.hubspot.com/contacts/26782316/record/0-2/14955867363
44,pillovely.pl,domena,scal,,MASTER,434826136823,PILLOVELY.COM Spółka z ograniczoną odpowiedzialnością,pillovely.pl,pillovely com,2026-06-25,3,0,https://app.hubspot.com/contacts/26782316/record/0-2/434826136823
44,pillovely.pl,domena,scal,,scal-do-mastera,434988278003,Pillovely.com Sp. z o.o.,pillovely.pl,pillovely com,2026-06-25,3,0,https://app.hubspot.com/contacts/26782316/record/0-2/434988278003
45,piwik.pro,domena,scal,,MASTER,6988299755,Piwik PRO,piwik.pro,piwik pro,2023-02-07,1,0,https://app.hubspot.com/contacts/26782316/record/0-2/6988299755
45,piwik.pro,domena,scal,,scal-do-mastera,429380381894,Piwik PRO,piwik.pro,piwik pro,2026-05-06,1,0,https://app.hubspot.com/contacts/26782316/record/0-2/429380381894
46,profitroom.com,domena,scal,,MASTER,429381841145,Profitroom,profitroom.com,profitroom,2026-05-06,7,0,https://app.hubspot.com/contacts/26782316/record/0-2/429381841145
46,profitroom.com,domena,scal,,scal-do-mastera,9288136409,Profitroom,profitroom.com,profitroom,2023-12-14,5,0,https://app.hubspot.com/contacts/26782316/record/0-2/9288136409
47,promotee.pl,domena,weryfikuj,"ta sama domena, ale istotnie różne nazwy — mogą to być odrębne podmioty",MASTER,6976322251,Promotee.pl,promotee.pl,promotee pl,2023-02-05,1,0,https://app.hubspot.com/contacts/26782316/record/0-2/6976322251
47,promotee.pl,domena,weryfikuj,"ta sama domena, ale istotnie różne nazwy — mogą to być odrębne podmioty",scal-do-mastera,6976433109,Grupa Nova Sp. z o.o.,promotee.pl,grupa nova,2023-02-05,0,0,https://app.hubspot.com/contacts/26782316/record/0-2/6976433109
48,salesmanago.com,domena,scal,,MASTER,9251102420,SALESmanago | Customer Engagement Platform,salesmanago.com,salesmanago customer engagement platform,2023-12-09,4,0,https://app.hubspot.com/contacts/26782316/record/0-2/9251102420
48,salesmanago.com,domena,scal,,scal-do-mastera,429336980684,SALESmanago,salesmanago.com,salesmanago,2026-05-06,4,0,https://app.hubspot.com/contacts/26782316/record/0-2/429336980684
49,santander.pl,domena,weryfikuj,"ta sama domena, ale istotnie różne nazwy — mogą to być odrębne podmioty",MASTER,8924545254,Santander Bank Polska SA,santander.pl,santander bank polska,2023-11-02,2,0,https://app.hubspot.com/contacts/26782316/record/0-2/8924545254
49,santander.pl,domena,weryfikuj,"ta sama domena, ale istotnie różne nazwy — mogą to być odrębne podmioty",scal-do-mastera,8924521925,Santander TFI,santander.pl,santander tfi,2023-11-02,1,0,https://app.hubspot.com/contacts/26782316/record/0-2/8924521925
50,soflab.pl,domena,weryfikuj,"ta sama domena, ale istotnie różne nazwy — mogą to być odrębne podmioty",MASTER,8917773786,Soflab Technology,soflab.pl,soflab technology,2023-11-02,1,0,https://app.hubspot.com/contacts/26782316/record/0-2/8917773786
50,soflab.pl,domena,weryfikuj,"ta sama domena, ale istotnie różne nazwy — mogą to być odrębne podmioty",scal-do-mastera,9335456706,Soflab Services Sp. z o.o.,soflab.pl,soflab services,2023-12-21,0,0,https://app.hubspot.com/contacts/26782316/record/0-2/9335456706
51,spacetogrow.io,domena,weryfikuj,"ta sama domena, ale istotnie różne nazwy — mogą to być odrębne podmioty",MASTER,165542755525,HPR Group,spacetogrow.io,hpr group,2025-06-02,0,0,https://app.hubspot.com/contacts/26782316/record/0-2/165542755525
51,spacetogrow.io,domena,weryfikuj,"ta sama domena, ale istotnie różne nazwy — mogą to być odrębne podmioty",scal-do-mastera,165519043804,SpacetoGrow.io,spacetogrow.io,spacetogrow io,2025-06-02,0,0,https://app.hubspot.com/contacts/26782316/record/0-2/165519043804
52,t-mobile.pl,domena,scal,,MASTER,7820572135,T-Mobile,t-mobile.pl,t mobile,2023-06-14,18,0,https://app.hubspot.com/contacts/26782316/record/0-2/7820572135
52,t-mobile.pl,domena,scal,,scal-do-mastera,7822030548,T-Mobile,t-mobile.pl,t mobile,2023-06-14,4,0,https://app.hubspot.com/contacts/26782316/record/0-2/7822030548
53,viisa.vn,domena,scal,,MASTER,6877276351,VIISA,viisa.vn,viisa,2023-01-20,8,0,https://app.hubspot.com/contacts/26782316/record/0-2/6877276351
53,viisa.vn,domena,scal,,scal-do-mastera,6976423658,Viisa,viisa.vn,viisa,2023-02-05,1,0,https://app.hubspot.com/contacts/26782316/record/0-2/6976423658
54,vimera.io,domena,scal,,MASTER,9288258536,Vimera,vimera.io,vimera,2023-12-14,1,0,https://app.hubspot.com/contacts/26782316/record/0-2/9288258536
54,vimera.io,domena,scal,,scal-do-mastera,9014401486,Vimera,vimera.io,vimera,2023-11-13,0,0,https://app.hubspot.com/contacts/26782316/record/0-2/9014401486
55,virtuslab.com,domena,scal,,MASTER,429381927109,VirtusLab,virtuslab.com,virtuslab,2026-05-06,2,0,https://app.hubspot.com/contacts/26782316/record/0-2/429381927109
55,virtuslab.com,domena,scal,,scal-do-mastera,6988299748,VirtusLab,virtuslab.com,virtuslab,2023-02-07,1,0,https://app.hubspot.com/contacts/26782316/record/0-2/6988299748
56,voluum.com,domena,scal,,MASTER,8968128235,Voluum,voluum.com,voluum,2023-11-08,0,0,https://app.hubspot.com/contacts/26782316/record/0-2/8968128235
56,voluum.com,domena,scal,,scal-do-mastera,429380854971,Voluum,voluum.com,voluum,2026-05-06,0,0,https://app.hubspot.com/contacts/26782316/record/0-2/429380854971
57,zeropark.com,domena,weryfikuj,"ta sama domena, ale istotnie różne nazwy — mogą to być odrębne podmioty",MASTER,8980379631,Zeropark,zeropark.com,zeropark,2023-11-09,0,0,https://app.hubspot.com/contacts/26782316/record/0-2/8980379631
57,zeropark.com,domena,weryfikuj,"ta sama domena, ale istotnie różne nazwy — mogą to być odrębne podmioty",scal-do-mastera,405302792437,Commerce Media Tech,zeropark.com,commerce media tech,2026-02-23,0,0,https://app.hubspot.com/contacts/26782316/record/0-2/405302792437
